{
  "RMSE": 0.04908106375540996,
  "MAE": 0.04078136212700725,
  "MAPE": 4.775902105589623
}